{
  "variant": "professional",
  "primary": "#3C50E0",
  "appearance": "light",
  "radius": 0.375,
  "colors": {
    "background": "hsl(0, 0%, 100%)",
    "foreground": "hsl(222, 47%, 11%)",
    "muted": "hsl(210, 40%, 96.1%)",
    "muted-foreground": "hsl(215, 16%, 47%)",
    "card": "hsl(0, 0%, 100%)",
    "card-foreground": "hsl(222, 47%, 11%)",
    "border": "hsl(214, 32%, 91%)",
    "input": "hsl(214, 32%, 91%)",
    "accent": "hsl(222, 47%, 11%)",
    "accent-foreground": "hsl(0, 0%, 100%)",
    "destructive": "hsl(0, 84%, 60%)",
    "success": "hsl(142, 76%, 36%)",
    "warning": "hsl(38, 92%, 50%)",
    "meta-1": "hsl(222, 47%, 11%)",
    "meta-2": "hsl(207, 89%, 86%)",
    "meta-3": "hsl(187, 49%, 80%)",
    "meta-4": "hsl(207, 89%, 86%)",
    "boxdark": "hsl(222, 47%, 11%)",
    "boxdark-2": "hsl(227, 48%, 12%)",
    "strokedark": "hsl(215, 16%, 47%)",
    "bodydark": "hsl(215, 16%, 47%)",
    "bodydark2": "hsl(215, 16%, 47%)",
    "stroke": "hsl(210, 40%, 96.1%)",
    "gray-2": "hsl(210, 40%, 93%)",
    "graydark": "hsl(215, 25%, 27%)"
  }
}